{
    "elems": [
        "C",
        "N",
        "H"
    ],
    "charge": 0.0,
    "mult": 1,
    "geometry": [
        [
            [
                -1.421048,
                -1.5632454,
                0.0
            ],
            [
                0.07459757,
                0.08215043,
                0.0
            ],
            [
                1.34645043,
                1.48109497,
                0.0
            ]
        ],
        [
            [
                -1.17666657,
                -1.60595117,
                0.0
            ],
            [
                -0.24728534,
                0.4059867,
                0.0
            ],
            [
                1.42395191,
                1.19996448,
                0.0
            ]
        ],
        [
            [
                -0.86340039,
                -1.5344066,
                0.0
            ],
            [
                -0.52748751,
                0.69194909,
                0.0
            ],
            [
                1.39088791,
                0.84245751,
                0.0
            ]
        ],
        [
            [
                -0.56109891,
                -1.39934136,
                0.0
            ],
            [
                -0.776675,
                0.84756166,
                0.0
            ],
            [
                1.33777391,
                0.5517797,
                0.0
            ]
        ],
        [
            [
                -0.20645204,
                -1.20581023,
                0.0
            ],
            [
                -1.20714758,
                0.80184994,
                0.0
            ],
            [
                1.41359962,
                0.4039603,
                0.0
            ]
        ],
        [
            [
                -0.02213597,
                -1.0102775,
                0.0
            ],
            [
                -1.48805812,
                0.50858177,
                0.0
            ],
            [
                1.5101941,
                0.50169574,
                0.0
            ]
        ],
        [
            [
                0.16218009,
                -0.81474477,
                0.0
            ],
            [
                -1.76896867,
                0.2153136,
                0.0
            ],
            [
                1.60678858,
                0.59943117,
                0.0
            ]
        ],
        [
            [
                0.19164901,
                -0.51853485,
                0.0
            ],
            [
                -1.7860036,
                -0.37742633,
                0.0
            ],
            [
                1.59435458,
                0.89596119,
                0.0
            ]
        ],
        [
            [
                0.22111793,
                -0.22232493,
                0.0
            ],
            [
                -1.80303853,
                -0.97016626,
                0.0
            ],
            [
                1.58192059,
                1.1924912,
                0.0
            ]
        ],
        [
            [
                0.12629002,
                -0.08303703,
                0.0
            ],
            [
                -1.60158477,
                -1.27864916,
                0.0
            ],
            [
                1.47529475,
                1.3616862,
                0.0
            ]
        ],
        [
            [
                0.03670992,
                0.04037266,
                0.0
            ],
            [
                -1.4341737,
                -1.57746488,
                0.0
            ],
            [
                1.39746377,
                1.53709222,
                0.0
            ]
        ]
    ],
    "energies": [
        -92.33876424332249,
        -92.3275559726178,
        -92.29590027905613,
        -92.26474097197641,
        -92.24596759066756,
        -92.24909227226979,
        -92.2837520447276,
        -92.28767963629141,
        -92.34357789367779,
        -92.34968344324072,
        -92.35272130262831
    ],
    "gradients": [
        [
            -0.02653890774244516,
            -0.029198921163050784,
            0.0,
            0.01520716649448317,
            0.016738158327068875,
            0.0,
            0.011331741247924298,
            0.01246076283605324,
            0.0
        ],
        [
            0.011418454304889414,
            -0.011773499184045355,
            0.0,
            -0.005232779800485088,
            0.035005721417150526,
            0.0,
            -0.006185674504538663,
            -0.023232222233163957,
            0.0
        ],
        [
            0.03074762753130028,
            0.0035380531699105155,
            0.0,
            -0.01879270300221836,
            0.03246427887630088,
            0.0,
            -0.011954924529022304,
            -0.03600233204633067,
            0.0
        ],
        [
            0.02595621689739834,
            0.014505286589343802,
            0.0,
            -0.02822208309526919,
            0.0148727198553259,
            0.0,
            0.0022658661978833816,
            -0.02937800644478085,
            0.0
        ],
        [
            0.005958602192836476,
            -0.0066535457783103436,
            0.0,
            -0.0039004589979978466,
            0.008365167896913661,
            0.0,
            -0.002058143194841211,
            -0.001711622118488132,
            0.0
        ],
        [
            -0.11378616159469213,
            0.06129428789172431,
            0.0,
            0.13569962902880406,
            -0.08901827579588595,
            0.0,
            -0.021913467434100053,
            0.0277239879042514,
            0.0
        ],
        [
            0.013134208820513305,
            -0.05615998548086165,
            0.0,
            0.031160133340871976,
            0.033080687898099814,
            0.0,
            -0.04429434216077299,
            0.023079297582722702,
            0.0
        ],
        [
            -0.33497755654289274,
            -0.04634375217584347,
            0.0,
            0.37171916342572753,
            0.01908811965302626,
            0.0,
            -0.036741606882931876,
            0.02725563252280505,
            0.0
        ],
        [
            0.0364246318824647,
            -0.023884776004901714,
            0.0,
            -0.01142536077507228,
            0.017526827110968923,
            0.0,
            -0.024999271107198684,
            0.00635794889393182,
            0.0
        ],
        [
            -0.04947543820930078,
            -0.060841230003149005,
            0.0,
            0.060399159578308215,
            0.055273739942493405,
            0.0,
            -0.010923721368993583,
            0.005567490060714997,
            0.0
        ],
        [
            0.025371947790415517,
            0.027905996045927917,
            0.0,
            -0.03603238507874362,
            -0.03963198569794191,
            0.0,
            0.010660437288430996,
            0.011725989652182911,
            0.0
        ]
    ],
    "params": {
        "images": 11,
        "spring_constant": 0.2,
        "spring_type": 0,
        "maximum_force": 0.05,
        "average_force": 0.025,
        "maximum_cycle": 100,
        "energy_weighted": 20,
        "optimize_ts": false,
        "optimize_endpoints": false,
        "coordinate_system": "tric",
        "epsilon": 1e-05,
        "hessian_reset": true,
        "iteration": 1
    }
}
